"conversation_id_str","created_at","favorite_count","full_text","id_str","image_url","in_reply_to_screen_name","lang","location","quote_count","reply_count","retweet_count","tweet_url","user_id_str","username"
"1921236320413687871","Sat May 10 16:10:08 +0000 2025","9290"," kdm Ô∏è resident playbook Ô∏è pict atas minta pegangan tangan pict bawah minta disuapin ga nyangka seorang gu dowon bisa begini kalo lg bucin https://t.co/WDnO3wYHMx","1921236320413687871","https://pbs.twimg.com/media/GqmaQGPWcAAMaS9.jpg","","in","Rules üëá","451","325","1054","https://x.com/kdrama_menfess/status/1921236320413687871","1012588105591713793","kdrama_menfess"
"1921516689079820765","Sun May 11 10:44:13 +0000 2025","4","Ini pas awal vidio Yeye kaya nyandar di bahu Kyukyu terus pas ganti kamera depan langsung bangun si Yeye aduuuhh gin√¨ banget dah aku ini nyari moment #Kyusung https://t.co/q8hgoDeuGr","1921516689079820765","https://pbs.twimg.com/media/GqqZOtGaUAAgDdP.jpg","","in","dusun majasri","0","0","1","https://x.com/BeUrCLOUDS/status/1921516689079820765","2995021591","BeUrCLOUDS"
"1921414816133996832","Sun May 11 03:59:24 +0000 2025","2158"," kdm resident playbook Ini tuh dowon yiyoung pegangan tangan anjrit BUCIN BAT LU BERDUAAA dahlah suap suapan sambil pegangan tangan pulak inimah kecintaan penonton kalah sama kebucinan kalian https://t.co/4IROhtB4hM","1921414816133996832","https://pbs.twimg.com/media/Gqo8l6vW0AAbCWI.jpg","","in","Rules üëá","55","78","202","https://x.com/kdrama_menfess/status/1921414816133996832","1012588105591713793","kdrama_menfess"
"1920994897315733648","Sat May 10 00:10:48 +0000 2025","19248","Jualan tapi julidin customer tu maksudnya gimana? Rezeki lu tu dari customer lu yang lagi bucin itu. https://t.co/YbhxxjsZ7l","1920994897315733648","https://pbs.twimg.com/media/Gqi-q2RXgAAIW_5.jpg","","in","Indonesia","683","603","1337","https://x.com/Maeliani07/status/1920994897315733648","1659026628071288835","Maeliani07"
"1921111269626540436","Sat May 10 07:53:13 +0000 2025","1024","London walking tours I'll walk with you. ( 10 perfect days) Long #MOQEEL #FATSA Alternative Universe! https://t.co/4MnHdSSOGS","1921111269626540436","https://pbs.twimg.com/media/Gqkoew0bcAQk95s.jpg","","en","bikini bottom ü´ßü™∏ü´ôüê¨üßú‚Äç‚ôÄÔ∏è","9","4","158","https://x.com/redhorse44/status/1921111269626540436","1642331059634442241","redhorse44"
"1921515322135232681","Sun May 11 10:38:47 +0000 2025","500","Bu lena liat kelakuan bucin adiknya AQEELA TERHARRY HARRY #HQ_AGZEPS160 #WELOVEHARQEEL https://t.co/1N4HQapS3F","1921515322135232681","https://pbs.twimg.com/ext_tw_video_thumb/1921515207874232321/pu/img/z6k3i4RKroxPwAXN.jpg","","in","","3","1","70","https://x.com/staraquars/status/1921515322135232681","1692804014994599937","staraquars"
"1921201300445839476","Sat May 10 13:50:58 +0000 2025","1937","Beginilah bun kalo suka tuh jangan nyerah sampe dia suka balik. Kan ku kejar sampai dapet dan kupastikan dia akan lebih bucin dariku. Tapi yaa inget juga kita hidup di dunia nyata dan muka kita gak kaya yiyong. #ResidentPlaybook #ResidentPlaybookEp9 https://t.co/XvatH8rKrT","1921201300445839476","https://pbs.twimg.com/media/Gql6ZSTbcAQ_RZ0.jpg","","in","VIP BABYAHGASE WANNABLE","110","41","401","https://x.com/verinagustianti/status/1921201300445839476","190596053","verinagustianti"
"1918489505268638152","Sat May 03 02:15:16 +0000 2025","242","yang selalu nanyain pakek parfum apa wangi banget? inih loh gaesss . Lagi bucin sama parfum lokal satu ini yang wanginya fresh seger bikin mood bagus seharian https://t.co/SxmFXATQyn","1918489505268638152","https://pbs.twimg.com/media/Gp_YB82awAI3Z56.jpg","","in","","0","20","130","https://x.com/nakkecillll/status/1918489505268638152","1346287803374530562","nakkecillll"
"1921512763836235872","Sun May 11 10:28:37 +0000 2025","163","moqeel sebelahan se mall gonjang ganjing lah couple lu? geli dikit paling mallnya","1921512763836235872","","","in","bikini bottom ü´ßü™∏ü´ôüê¨üßú‚Äç‚ôÄÔ∏è","0","8","7","https://x.com/redhorse44/status/1921512763836235872","1642331059634442241","redhorse44"
"1921052358710063558","Sat May 10 03:59:08 +0000 2025","13","First Crack Coffee beneran enak wajib coba sekalian napak tilas JHOPE di Indo. Ini 2024 pas lagi ngerjain tugas les mandarin dan pacarku lg kerja https://t.co/G5lVgcqGYz","1921052358710063558","https://pbs.twimg.com/media/Gqjy4otW8AAzx6g.jpg","","in","","0","3","2","https://x.com/bucinLDR/status/1921052358710063558","225383069","bucinLDR"
"1921514340517044723","Sun May 11 10:34:53 +0000 2025","4","Niat ingsun mboten bucin dumateng Indah Cahya namung ningali sing ngeten niki kok ati kulo mboten kiat nuwun sewu @C_IndahJKT48 izinkan saya semakin mencintaimu https://t.co/TRYksOdgBs","1921514340517044723","https://pbs.twimg.com/media/GqqXGy0WUAAVwzV.jpg","","in","","0","0","0","https://x.com/denoxind/status/1921514340517044723","2862016362","denoxind"
"1921502982983557282","Sun May 11 09:49:45 +0000 2025","492","teriak doang di permasalahin kan punya suara kan kita punya hak buat berpendapat. yaudah kalo mereka teriak si? kan ga cuman ada kapal lo disana ada moqeel juga di panggung. kalo gue nonton langsung gue jg bakal teriak kaya gitu sampe suara gue habis","1921502982983557282","","","in","bikini bottom ü´ßü™∏ü´ôüê¨üßú‚Äç‚ôÄÔ∏è","1","11","92","https://x.com/redhorse44/status/1921502982983557282","1642331059634442241","redhorse44"
"1919012727156088868","Sun May 04 12:54:22 +0000 2025","20029"," kdm resident playbook TERNYATA YG NGIRIM SOAL KETEMU FIRST LOVE DI KANTIN RS ITU JAEIL SIAPA SANGKA FIRST LOVE DIA MBA WINTER?? maap jaeil uri gyeoul udah bucin dan dibucinin andrea https://t.co/h4eyyr8Sim","1919012727156088868","https://pbs.twimg.com/media/GqGz56cXoAAHth-.jpg","","in","Rules üëá","912","574","1244","https://x.com/kdrama_menfess/status/1919012727156088868","1012588105591713793","kdrama_menfess"
"1921197471084023952","Sat May 10 13:35:45 +0000 2025","4290","DW: Ada telfon tuh YY: Enaknya makan apa ya kita? DW: Ada telfon YY: Makan di mana kita? DW: Yiyoung ada telfon! Yiyoung kalo bucin jadi budeg wkwk #ResidentPlaybook https://t.co/PGLlhYyHms","1921197471084023952","https://pbs.twimg.com/amplify_video_thumb/1921185077960044544/img/on9JIF9om4mIoMD6.jpg","","in","ENG-Ìïú-IDN","173","41","528","https://x.com/dramacoKR/status/1921197471084023952","1152513634007805957","dramacoKR"
"1920863293956063342","Fri May 09 15:27:51 +0000 2025","2751","Joss malu gak josss.. se twitter tau kelakuan bucin lo beneran dah.. Maluu gue maluuu liatnyaaa https://t.co/Vi6LmHnp69","1920863293956063342","https://pbs.twimg.com/amplify_video_thumb/1920835989028868096/img/7N-kD1OXZIMOygF0.jpg","","in","In another world","13","18","348","https://x.com/lbd_lb/status/1920863293956063342","602770086","lbd_lb"
"1919239931232497958","Mon May 05 03:57:12 +0000 2025","600","ini pasti user am pennyroyaltea bakalan pingsan + spam stiker bucin dangdut kalo dd mentee kirim foto-foto pose tren kim seonho smile kaya gini by wa tapi view once @dancingpoem ehehehe https://t.co/eXiIaCXdn4","1919239931232497958","https://pbs.twimg.com/amplify_video_thumb/1919239867734913024/img/-SYLMs9NGRM5ohsq.jpg","","in","ü¶áüÉèü™∏üêö","0","2","51","https://x.com/sehunalabyu/status/1919239931232497958","1166580235518849030","sehunalabyu"
"1921075316853744086","Sat May 10 05:30:22 +0000 2025","8","Abis naik bus Jogja haritage yg rute Culinary gaes ALL FREE GA BAYAR APAPUN Yg mau keliling kota Jogja+dpt makan gratis bisa langsung reservasi aja ke Jogja Haritage yg rute culinary yaap Cuma rute culinary aja yg dpt makan selain itu ga dpt https://t.co/Xt8mSq1Vps","1921075316853744086","https://pbs.twimg.com/media/GqkHyoKbcAAbtzm.jpg","","in","Yogyakarta,Indonesia","0","7","3","https://x.com/NiLuhDewi13/status/1921075316853744086","1654479554","NiLuhDewi13"
"1921356605083332983","Sun May 11 00:08:06 +0000 2025","9","taynew makin hari makin bucin aja anjir lahhh keluargaku keluarga cemara bgt gess https://t.co/v9c1qU1DTz","1921356605083332983","https://pbs.twimg.com/amplify_video_thumb/1921178976858288128/img/mGBtBSEX5h5zDKus.jpg","","in","","0","0","1","https://x.com/smeraldmin/status/1921356605083332983","844325395063193600","smeraldmin"
"1921503300739891351","Sun May 11 09:51:01 +0000 2025","3","ini gambar kapan iah pas jaman bucin ajuy taun lalu kali yh https://t.co/KGU9jEXr8M","1921503300739891351","https://pbs.twimg.com/media/GqqNDiNXUAAsTMP.jpg","","in","hatimoe","0","2","0","https://x.com/ciyachijeu/status/1921503300739891351","1859570534666862595","ciyachijeu"
"1921530552651280478","Sun May 11 11:39:18 +0000 2025","10","MOHAN DAN CINTANYAA BUCIN BANGET MORA IN LOVE FESTIVAL #MeMoRaFest #TroubleMakerXTroubleSolver #AgainstTheWorldWithMoRa #MORA https://t.co/FmwPqlQpfw","1921530552651280478","https://pbs.twimg.com/media/GqqlwYEXgAAGToH.jpg","","in","~‚ù§Ô∏èüíöüß°üíô","0","0","1","https://x.com/ditasthetic_/status/1921530552651280478","1524010707712606208","ditasthetic_"
"1918646467259994119","Sat May 03 12:38:59 +0000 2025","13","Bisa dipastikan korban pertama jojang nya sieun adalah geum seongje sieun ekspresi kayak zombie aja dia udah bucin https://t.co/3OqnCBflku","1918646467259994119","https://pbs.twimg.com/ext_tw_video_thumb/1918646439229759488/pu/img/c8bLcrNZ9eEk60c0.jpg","","in","","1","1","3","https://x.com/cottongummmy/status/1918646467259994119","1571098042417426432","cottongummmy"
"1920098975417241654","Wed May 07 12:50:44 +0000 2025","39","#JuniorMark : onetweet AU. ketika Juna bucin level max dan Marka pusing pacarnya kok bawel banget untung sayang. https://t.co/Zpp3JnDq1q","1920098975417241654","https://pbs.twimg.com/media/GqWP11ebMAAmlZ2.jpg","","in","FA, 23+","2","1","6","https://x.com/nataccai/status/1920098975417241654","1250568105912184832","nataccai"
"1920865348128997719","Fri May 09 15:36:01 +0000 2025","10","Dua cwo bucin yg rela dimamam hantu demi orang terkasih #TheHauntedPalace #TheHauntedPalaceEp7 https://t.co/NTpxCZnsnt","1920865348128997719","https://pbs.twimg.com/media/GqhI2ESWoAAGaqr.jpg","","in","","0","0","0","https://x.com/hello_lily199/status/1920865348128997719","1300126399911477248","hello_lily199"
"1919601733614936065","Tue May 06 03:54:52 +0000 2025","4","Eh gw tau kenapa Dohyun bucin banget sm Jiyeon eonni padahal beda umurnya 5 tahun. Karna Jiyeon aslinya lovable banget yaampuuuun Liat ini kelakuannya sampe bikin Jaewook tercengang Pasti kalo lagi sm Dohyun Jiyeon nih lebih gemesin &gt;.&lt; https://t.co/QCJU8zjp1d","1919601733614936065","https://pbs.twimg.com/amplify_video_thumb/1919601611506388992/img/2d6eRpww28qhuFcO.jpg","","in","021","0","0","0","https://x.com/auraaaw/status/1919601733614936065","119658695","auraaaw"
"1921462854667890791","Sun May 11 07:10:18 +0000 2025","11","/wp/ leora ini antara bucin apa bulol ya? hmm kalo kalian jd leora pilih bertahan apa run aja? Cintai Aku Chakra - kireina76 https://t.co/seMdszrJME","1921462854667890791","https://pbs.twimg.com/media/GqpoSKOWgAAlf5o.jpg","","in","","1","4","4","https://x.com/wattpadmenfess_/status/1921462854667890791","1308443040449585152","wattpadmenfess_"
"1921531975866646790","Sun May 11 11:44:58 +0000 2025","4","Ngapain banyak selfie sih gada yang dikirimin juga","1921531975866646790","","","in","","0","0","0","https://x.com/izdetyuu/status/1921531975866646790","1785711036127195136","izdetyuu"
"1921201652595339280","Sat May 10 13:52:22 +0000 2025","3","Gak heran anomali mel mel melani itu bucin setengah mati https://t.co/nX6N6jmap2","1921201652595339280","https://pbs.twimg.com/ext_tw_video_thumb/1921170260549345280/pu/img/M3fOCWl5jYbmm0PJ.jpg","","in","Indonesia","1","3","1","https://x.com/drunkhys/status/1921201652595339280","71713608","drunkhys"
"1921434237456044280","Sun May 11 05:16:35 +0000 2025","2","ga sabar mereka pake aku kamu pas chatan nanti kalau Gemini Uda bucin atau si gem nya manggil sayang gitu ada kan scene ini tolongggg","1921434237456044280","","","in","f's sista","0","1","1","https://x.com/fourthphilee/status/1921434237456044280","1782369431961874432","fourthphilee"
"1921513522430701849","Sun May 11 10:31:38 +0000 2025","4","includekan video bucin ini bestie @mieayambaso_o https://t.co/suhG6L4EuV","1921513522430701849","https://pbs.twimg.com/amplify_video_thumb/1921473525766078464/img/PDRnPcu6OFEZrXVM.jpg","","in","rpsüê∂üê∏","0","1","0","https://x.com/cherrieche0l/status/1921513522430701849","1835300721576841216","cherrieche0l"
"1921511886085894147","Sun May 11 10:25:08 +0000 2025","10","like fathers like sons bucin semua SAMRUAY X GULP #GULP‡πÄ‡∏ü‡∏£‡∏ä‡∏ó‡∏∏‡∏Å‡πÇ‡∏°‡πÄ‡∏°‡∏ô‡∏ï‡πå #SAMRUAY https://t.co/tKUOEZLdQZ","1921511886085894147","https://pbs.twimg.com/amplify_video_thumb/1921509322556866560/img/pfMevdG2rYF6FKsJ.jpg","","en","pumpkins nations","0","1","1","https://x.com/wsthanaphop/status/1921511886085894147","1354157655145648128","wsthanaphop"
"1919592640695116109","Tue May 06 03:18:44 +0000 2025","293","when lu aslinya bucin banget manja suka kangenan suka cerita random tapi semesta nyuruh lu buat sendiri","1919592640695116109","","","in","nomaden","30","32","138","https://x.com/emsiplurimekdii/status/1919592640695116109","1880264460163772416","emsiplurimekdii"
"1921136155724009938","Sat May 10 09:32:07 +0000 2025","294","woi couple stm kalian ga kangen ya motoran berdua? makan rumput date? ga kangen apa? GUE KANGENN LEWATI TANTANGAN MOQEEL 159 #MQ_GotThrough159 #MOQEEL https://t.co/pMUF617K77","1921136155724009938","https://pbs.twimg.com/ext_tw_video_thumb/1921136093933826052/pu/img/Yj4q028QjaQ88iS4.jpg","","in","bikini bottom ü´ßü™∏ü´ôüê¨üßú‚Äç‚ôÄÔ∏è","1","59","33","https://x.com/redhorse44/status/1921136155724009938","1642331059634442241","redhorse44"
"1919747891012501957","Tue May 06 13:35:39 +0000 2025","18","lucu bgt gasi tetep ada si mamel biar gakeliatan bucin mampusnya https://t.co/h33AjR6e4M","1919747891012501957","https://pbs.twimg.com/media/GqRQh2nbAAcF6as.jpg","","in","","0","0","0","https://x.com/gebukandoun/status/1919747891012501957","1393582646056263682","gebukandoun"
"1919043151899033699","Sun May 04 14:55:16 +0000 2025","215","/wp/ udah saatnya kalian bertemu sama pengacara super bucin yang rela jual dunia buat wanitanya ini penulisan rapi tema dan alur kompleks bahas hukum politik dan balas dendam. dari part 1 udah bikin nagih baca ini https://t.co/fudbSFn6W0","1919043151899033699","https://pbs.twimg.com/media/GqHPk64W0AAkaLE.jpg","","in","","0","3","16","https://x.com/wattpadmenfess_/status/1919043151899033699","1308443040449585152","wattpadmenfess_"
"1918518429792793013","Sat May 03 04:10:12 +0000 2025","8756","-star kompilasi member Twice terbucin bucin ke mba IU https://t.co/9ZmgCsnaMC","1918518429792793013","https://pbs.twimg.com/ext_tw_video_thumb/1869580714142031872/pu/img/tNAiqzl4SCg5Ye9g.jpg","","in","RULES DI LINK","129","86","909","https://x.com/starfess/status/1918518429792793013","1210342758029807616","starfess"
"1918297799772536845","Fri May 02 13:33:30 +0000 2025","20","Jiwon tuh baek orangnya perhatian juga bucin mampus sama Bani. Tapi gimana ya gw tim Bani sama Jaeyeol #Crushology101Ep7 https://t.co/tBRaAY2IoF","1918297799772536845","https://pbs.twimg.com/media/Gp8pZdQa0AAY3QK.jpg","","in","INDONESIA ","0","1","0","https://x.com/LiaaaSrk/status/1918297799772536845","3991167370","LiaaaSrk"
"1921450681413644717","Sun May 11 06:21:55 +0000 2025","3","UNTUNG AJA TWEET INI LEWAT bisa aja gua bener bener lupa kalo masih ada oshi di jeketi yang dari awal dia di trainee gua bucin banget ","1921450681413644717","","","in","","0","1","0","https://x.com/rfqrch/status/1921450681413644717","1097129951013199873","rfqrch"
"1921379618826719697","Sun May 11 01:39:33 +0000 2025","4","Padahal bukan bucin yang menggelikan it's just a normal birthday donuts. Aneh bgt ni toko.","1921379618826719697","","","in","","0","0","0","https://x.com/Lifyyyyyyyy/status/1921379618826719697","70672109","Lifyyyyyyyy"
"1921405767803965724","Sun May 11 03:23:27 +0000 2025","143","ANJIRR AKU SPICLES DIA JAWAB GINI panjang panjang salah lagi SORRY MATTTTT https://t.co/uea3vim0Yy","1921405767803965724","https://pbs.twimg.com/media/Gqo0XMMaMAA_hPL.jpg","","in","bikini bottom ü´ßü™∏ü´ôüê¨üßú‚Äç‚ôÄÔ∏è","4","9","5","https://x.com/redhorse44/status/1921405767803965724","1642331059634442241","redhorse44"
"1921204448317046952","Sat May 10 14:03:29 +0000 2025","275","mau ingetin aja nicole pemeran utama. tapi kok dia di pinggir? e buset ini situasi anjir apa buset","1921204448317046952","","","in","bikini bottom ü´ßü™∏ü´ôüê¨üßú‚Äç‚ôÄÔ∏è","0","8","8","https://x.com/redhorse44/status/1921204448317046952","1642331059634442241","redhorse44"
"1921134712220790990","Sat May 10 09:26:23 +0000 2025","218","aduh bucin bgt woojae sendal pun dia siapin buat jiwon ASJSJHSJSJSJSJ GEMESSSS #HeartPairing https://t.co/N0oy6x80e9","1921134712220790990","https://pbs.twimg.com/ext_tw_video_thumb/1921134680230727680/pu/img/WQXSwqsBoAApzGwD.jpg","","in","infj","10","6","46","https://x.com/saranghegeprek/status/1921134712220790990","1650769148677599232","saranghegeprek"
"1921446530977788286","Sun May 11 06:05:26 +0000 2025","17","Gue itu tipe yg gampang bucin sama cowok gue. justru kalo dia cuek gue malah makin pengen ngedeketin dia. kek gemes sendiri sama sikapnya yg cuek. giliran dia udah bucin gue yg jadi ga mood sama dia berasa gak ada tantangannya hahaha","1921446530977788286","","","in","","0","14","0","https://x.com/luvettafair/status/1921446530977788286","1908867707715592192","luvettafair"
"1921095661111398763","Sat May 10 06:51:12 +0000 2025","11","Tiap lihat robimako mupeng punya pacar yang lebih tua. Apalagi yang bucin dan supportive kayak Robin gitu.","1921095661111398763","","","in","","0","0","0","https://x.com/wiedhafp/status/1921095661111398763","513254274","wiedhafp"
"1921502835406975374","Sun May 11 09:49:10 +0000 2025","2","offDay...trus di telp seharian.. meski dia belum mandi... tapi aku yakin dia tetap cantik.. #gini_toh_rasanya_bucin https://t.co/8HwGQsiEtd","1921502835406975374","https://pbs.twimg.com/media/GqqMpTgasAA5X98.jpg","","in","Kota Surabaya, Jawa Timur","0","0","0","https://x.com/liradianta/status/1921502835406975374","187235531","liradianta"
"1918685630667846140","Sat May 03 15:14:36 +0000 2025","34","Perasaan mereka valid. Kalo ada yang invalidate dengan kata kata gini doang unstan langsung gebukin di tempat aja","1918685630667846140","","","in","","0","0","7","https://x.com/BucinBoleh/status/1918685630667846140","1208743196517289984","BucinBoleh"
"1920987632898576517","Fri May 09 23:41:56 +0000 2025","285","Bucin bgt ngga kuat https://t.co/eJfTfvM0Ss","1920987632898576517","https://pbs.twimg.com/ext_tw_video_thumb/1920987544344481792/pu/img/v85jcdt16ar0ORmi.jpg","","in","98L","8","0","73","https://x.com/vivereluxe/status/1920987632898576517","1305413877073543168","vivereluxe"
"1918966879307366746","Sun May 04 09:52:11 +0000 2025","1129","AIR MANCUR MENJADI SAKSI HARQEEL BUCIN BOYYYYYY PANAH ASMARA HARQEEL 153 #HQ_AGZEPS153 #HARQEEL https://t.co/LxhOYwa1Pa","1918966879307366746","https://pbs.twimg.com/media/GqGKM7Sa8AA1FsN.jpg","","hi","","5","28","226","https://x.com/kikikikiann/status/1918966879307366746","2814521760","kikikikiann"
"1920069997235413268","Wed May 07 10:55:35 +0000 2025","13","nih dia orang perempuan macem begini nih kalo dapet laki untuk kedua kalinya biasanya justru bucin banget sama dia walopun ya dia kurang masuk tipe perempuan idaman kebanyakan; cantik seksi tegas punya pendirian dan percaya diri. https://t.co/mhlbvLTQFi","1920069997235413268","https://pbs.twimg.com/ext_tw_video_thumb/1920069977375490048/pu/img/RDix0FwJ_ZLkIVfx.jpg","","in","write acc","0","1","0","https://x.com/moonflwz/status/1920069997235413268","1475375809510600705","moonflwz"
"1921439442419544251","Sun May 11 05:37:16 +0000 2025","2","cok jijik banget ngeliat 5 tahun lalu bucin gini jir??? kaya.. gw kenapa???? GELI BACANYA KALO WAKTU WARAS https://t.co/6eVz0OWZT1","1921439442419544251","https://pbs.twimg.com/media/GqpS-r4WYAAgUrv.jpg","","in","","0","1","0","https://x.com/breaccchee/status/1921439442419544251","1556234398554796032","breaccchee"
"1918286917696712923","Fri May 02 12:50:15 +0000 2025","61","/Wp/ He fell first he fell harder Bapak Wilson ini bucin ke istrinya nggak main-main yaa Rx: Arranged Marriage by Vbbyul https://t.co/Ne17PkMwLL","1918286917696712923","https://pbs.twimg.com/media/Gp8fyQ9WYAAlZZv.jpg","","en","","0","1","10","https://x.com/wattpadmenfess_/status/1918286917696712923","1308443040449585152","wattpadmenfess_"
"1919423936665702807","Mon May 05 16:08:22 +0000 2025","139","fattah bucin syach #fattzar #fattnic https://t.co/X76Z0Xr6Lp","1919423936665702807","https://pbs.twimg.com/media/GqMp5fDboAAh7IG.jpg","","in","","0","1","12","https://x.com/cheyriesm/status/1919423936665702807","1906555551993221120","cheyriesm"
"1918332386825408559","Fri May 02 15:50:56 +0000 2025","45","wealth talent brain looks and manners semua ada. God was in good mood when he created Billkin. cuma pas nuang bucin kayaknya porsinya 10x lipat dari manusia biasa","1918332386825408559","","","in","thai only","0","0","12","https://x.com/dazekrit/status/1918332386825408559","913421403784847360","dazekrit"
"1919238822958616748","Mon May 05 03:52:47 +0000 2025","5749","Lewat di IG... plis gak kuatttt JOSS BUCIN WAYARR https://t.co/FFn4kC3o5u","1919238822958616748","https://pbs.twimg.com/ext_tw_video_thumb/1919238777559777280/pu/img/RyVDxn3r2LonSMh-.jpg","","in","üáÆüá© ‚Ä¢ mabok campur-campur","154","48","1287","https://x.com/Lapuk_NungguHYX/status/1919238822958616748","1269615892658221056","Lapuk_NungguHYX"
"1918322041469771826","Fri May 02 15:09:50 +0000 2025","107","Lihatlah pria yg lagi kesemsem liat photo stripnya berkali kali wkwkww Jimin Bucin Mode Era #HeartPairing https://t.co/OWiDAreqXK","1918322041469771826","https://pbs.twimg.com/media/Gp8_uxiboAAkSEe.jpg","","in","","2","0","15","https://x.com/happyvirustt/status/1918322041469771826","1252093597412777984","happyvirustt"
"1918302033016508516","Fri May 02 13:50:19 +0000 2025","914","Calling orang2 yg bilang Gem lemah kalah mulu klo lawan fot eh monmaap belom aja kena gebuk tongkat golfnya dia men auto pindah alam dahdia mah bukannya lemah emang anaknya bucin aja makanya nurut diapa-apain yg penting babynya seneng #GeminiFourth https://t.co/qK2iKzCNZP","1918302033016508516","https://pbs.twimg.com/ext_tw_video_thumb/1918259387472461824/pu/img/Y0kKReWlKt-w0FL_.jpg","","in","","5","6","194","https://x.com/larasjeann/status/1918302033016508516","2441403883","larasjeann"
"1921436171361546735","Sun May 11 05:24:16 +0000 2025","111","Semoga di era ini juga kalian makin nempel makin bahagia sehat terus bucin selalu! https://t.co/S16MrRRpV1","1921436171361546735","https://pbs.twimg.com/media/GqpQArMWcAAbp02.jpg","","in","minor, homophobes dniüîû","2","2","9","https://x.com/cerewony/status/1921436171361546735","1459997348268969984","cerewony"
"1919983076488126501","Wed May 07 05:10:11 +0000 2025","973","-Eri gais kalean udh jadi exol pas era mimi peri bucin sehun gak? https://t.co/LxH6BZGxwM","1919983076488126501","https://pbs.twimg.com/ext_tw_video_thumb/1256934276563521536/pu/img/7bnNpMn1HToyngdT.jpg","","in","","129","196","102","https://x.com/erideulfess/status/1919983076488126501","771504982809915392","erideulfess"
"1920515948630421879","Thu May 08 16:27:38 +0000 2025","7","Sialan banget anjir taynew bucin maksimal https://t.co/0yM6aMNeqA","1920515948630421879","https://pbs.twimg.com/amplify_video_thumb/1920504186384322560/img/vJKLgKdLfxKm7OJg.jpg","","in","","0","0","0","https://x.com/tetawanhin/status/1920515948630421879","1357804025400365058","tetawanhin"
"1921388590820462756","Sun May 11 02:15:12 +0000 2025","9","sells interest check haiii sender lagi open PO Keychain Plester nih bisa custom nama dan warna sesuai keinginan dapet sticker sheet bucin jugaa adakah yang tertarik?? drop ur pretty uname @ here!! @/trademarkpieces https://t.co/6Bxvu0dhfP","1921388590820462756","https://pbs.twimg.com/media/GqokvaLWAAAWh3B.jpg","","in","how to send menfess? check web","0","0","2","https://x.com/stuffsite/status/1921388590820462756","1476032886901915648","stuffsite"
"1921241832408695015","Sat May 10 16:32:02 +0000 2025","26","Agaknya william ini tipe yang gampang ngambek tapi kalo dibujukin sama kakak cantiknya langsung luluh lagi halah bucin (lovingly) https://t.co/Y4NirD6wDI","1921241832408695015","https://pbs.twimg.com/media/GqmfQ9DbcAUOWlG.jpg","","in","Writing Commissions: ","0","0","0","https://x.com/metawiu/status/1921241832408695015","315570093","metawiu"
"1920306774030049605","Thu May 08 02:36:27 +0000 2025","5443","terlalu bucin artinya kurang sibuk? my main job adalah mencintaimu","1920306774030049605","","","in","Hell, MI","266","59","1650","https://x.com/xximbecile2/status/1920306774030049605","1422062358126551041","xximbecile2"
"1919776760511549634","Tue May 06 15:30:22 +0000 2025","173","Ô∏è TW Pelecehan Seksual Sesama Jenis Sekaligus Fitnah‚ÄºÔ∏èÔ∏è Halo teman-teman aku Zia biasa di panggil chichi/angger. kalo ada waktu boleh minta tolong retweet dan like nya karena aku butuh keadilan dari apa yang udah aku alami selama ini.","1919776760511549634","","","in","Seoul, Republic of Korea","32","12","177","https://x.com/ZiaBucinMbakSoy/status/1919776760511549634","990164803128705025","ZiaBucinMbakSoy"
"1918573800716701873","Sat May 03 07:50:14 +0000 2025","63","Salah satu judul /wp/ yg suka Sender re-read &amp; gak bosen2 Suka bgt interaksi Raihan sama Myra cegilnya Myra Raihan yg awalnya kesel ujung2nya malah balik bucin. Blm lg celetukan Marvin yg suka geblek Yg udh baca ini spill scene fav kalian dong https://t.co/HCay6Wbwq0","1918573800716701873","https://pbs.twimg.com/media/GqAktCdXEAE7l8y.jpg","","in","","1","2","11","https://x.com/wattpadmenfess_/status/1918573800716701873","1308443040449585152","wattpadmenfess_"
"1920121507910701081","Wed May 07 14:20:16 +0000 2025","8","aku cantik dan lucu kali pantas pacarku bucin Ô∏è https://t.co/FTf2xQAJJW","1920121507910701081","https://pbs.twimg.com/amplify_video_thumb/1920121445667188736/img/dPe0GZ2U_cy68U3H.jpg","","in","she/them","0","0","0","https://x.com/ichryni/status/1920121507910701081","1133217057229529089","ichryni"
"1921421702430396657","Sun May 11 04:26:46 +0000 2025","3","BUPUS SKY ITU BUPUS (bucin mampus) #SkyNani https://t.co/bViFq2YaMn","1921421702430396657","https://pbs.twimg.com/media/Gqo-SzqaIAA_0N2.jpg","","in","ùíîùíåùíöùíèùíÇùíèùíä","0","0","1","https://x.com/stobellyyy/status/1921421702430396657","1741731797153759232","stobellyyy"
"1921369554174837100","Sun May 11 00:59:33 +0000 2025","8"," orang meriang aja ditulisnya gejala kematian SIAL KETAWA KENCENG BGT","1921369554174837100","","","in","Scarlet Sanctum","0","1","1","https://x.com/kioomiicaine/status/1921369554174837100","1639189712656302080","kioomiicaine"
"1919339043894001892","Mon May 05 10:31:02 +0000 2025","3","bukti aku had fun kemarin https://t.co/9KYOYH4jmj","1919339043894001892","https://pbs.twimg.com/amplify_video_thumb/1919338885836144640/img/89GQqBQ7_5eq9vzO.jpg","","in","SHE; HER; 2002","0","0","0","https://x.com/itsmeyeojaa/status/1919339043894001892","739679741548986368","itsmeyeojaa"
"1921207381746168173","Sat May 10 14:15:08 +0000 2025","19","ftd! gaesss bagi AU/WP JOSSGWIN yang joss nya rich bucin dan obsessed gitu donggg plzz plzz plz yg baik semoga kapalnya ada moment terussssÔ∏è tia oll! https://t.co/S9HJEEV0eS","1921207381746168173","https://pbs.twimg.com/media/Gql_7rAWYAAfF8g.jpg","","in","","1","2","3","https://x.com/fessthaii/status/1921207381746168173","1393735951239684100","fessthaii"
"1918650646275977595","Sat May 03 12:55:35 +0000 2025","15","Mohon maaf pembahasannya keluar Jalur tp ya si hongye itu diliat¬≤ dia bucin bnget ke istri nya tapi knpa ke anak nya jadi REDFLEG parah kasian bnget si fugui hidup nya menderita gara¬≤bapaknya nangis bawang gw #LoveInPavilion https://t.co/dasJaoM32P","1918650646275977595","https://pbs.twimg.com/ext_tw_video_thumb/1918650586192625664/pu/img/ksDvNjz3sJrLQ_Ch.jpg","","in","","8","3","3","https://x.com/lvrywain/status/1918650646275977595","1659089606766370819","lvrywain"
"1919601800933523629","Tue May 06 03:55:08 +0000 2025","1041","ftd! Joss lagi ga enak badan tapi nemenin Gawin tanding basket. JOSS BUCIN BANGET https://t.co/67vDlHxfAa","1919601800933523629","https://pbs.twimg.com/media/GqPLqf7WEAATm7w.jpg","","in","","7","10","109","https://x.com/fessthaii/status/1919601800933523629","1393735951239684100","fessthaii"
"1921182921794216115","Sat May 10 12:37:57 +0000 2025","631"," WARNING SPOILER S2 kalian tim benci endo di awal tim bucin endo dari awal atau tim benci jadi cinta guys? https://t.co/HIVUjQeult","1921182921794216115","https://pbs.twimg.com/media/Gqlpr7AW4AAv2Pc.jpg","","in","RULES","112","111","29","https://x.com/Bofurin_Fess/status/1921182921794216115","1777741256598446084","Bofurin_Fess"
"1920516097951821907","Thu May 08 16:28:13 +0000 2025","21","the real bisa ngelawan 1000 orang yg suka kamu tapi gabisa ngelawan 1 orang yg kamu suka tapi lucu ngeliat u saltingan gini wkwk. Semoga cepet ketemu cowo yg pas biar ngeliat adelrevaaa ada di butterfly era bucin bucin sama cowonya ya ga @AdelRevaaa","1920516097951821907","","","in","Kota Medan, Sumatera Utara","0","0","0","https://x.com/wordelfaa/status/1920516097951821907","1666095074873319425","wordelfaa"
"1921509811998400606","Sun May 11 10:16:53 +0000 2025","5","TOXIC teriak TOXIC KALIAN LEBIH TOXIC DARI KITA BTW. kampoeng? iya deh kota","1921509811998400606","","","in","bikini bottom ü´ßü™∏ü´ôüê¨üßú‚Äç‚ôÄÔ∏è","0","0","0","https://x.com/redhorse44/status/1921509811998400606","1642331059634442241","redhorse44"
"1921092541480353795","Sat May 10 06:38:48 +0000 2025","81","Baru kali ini masuk fandom yg punya gambar official fansnya IMUTT BANGET DIPAKEIN PITA WOIII AAARGGHH GA ENDUD/KURUS PERFECT VERSI KALEM BUCIN DAN SENGGOL BACOK JUGA ADA WKWKKWKW THANK YOU DDUKS https://t.co/ZtcrTsYFaf","1921092541480353795","https://pbs.twimg.com/media/GqkXewoWQAAKoiq.jpg","","in","","0","0","13","https://x.com/anaknyasonsam/status/1921092541480353795","949961869099286528","anaknyasonsam"
"1918295711453421823","Fri May 02 13:25:12 +0000 2025","4773"," &lt; an update dari si kucing bucin &gt; lagi ngambek krn ga sengaja keinjek https://t.co/KGbEQxd5YA","1918295711453421823","https://pbs.twimg.com/media/Gp8nyJSWQAArqHa.jpg","","in","ID","18","57","231","https://x.com/kochengfs/status/1918295711453421823","243647729","kochengfs"
"1921063720651813045","Sat May 10 04:44:17 +0000 2025","101","Congratulations to #Dilraba and Als on breaking 150 million posts on Super Topic. She is the first and only female star to achieve it #Dilireba #Dilraba #Ëø™‰∏ΩÁÉ≠Â∑¥ https://t.co/g0prC5Nr53","1921063720651813045","https://pbs.twimg.com/tweet_video_thumb/Gqj9ElubcAQWZLr.jpg","","en","","0","0","18","https://x.com/BucinYangDi1188/status/1921063720651813045","1448969372689526788","BucinYangDi1188"
"1918846275010625651","Sun May 04 01:52:57 +0000 2025","82","cape juga ya bucin sendirian kaya gini info bucinan baru dong","1918846275010625651","","","in","","2","71","3","https://x.com/vibesooul/status/1918846275010625651","1480881520134918146","vibesooul"
"1920827189785669874","Fri May 09 13:04:23 +0000 2025","6","Malu ih William bucin banget gamau kalah dia sama si cantik sama2 langsung update feed pake sendal couple astagaaaaa remaja #WilliamEst #williamjkp #est_rvp https://t.co/HHV7K4EXf0","1920827189785669874","https://pbs.twimg.com/media/GqgmHk4XwAEvsD7.jpg","","in","Wesley‚ô°","0","1","0","https://x.com/mondayouth/status/1920827189785669874","263581273","mondayouth"
"1919698181107155274","Tue May 06 10:18:08 +0000 2025","171","Tetaplah memprioritaskan pendidikan atau karirmu jangan berhenti memperbaiki diri make it balance karena cinta yang dewasa bukan 24/7 bucin tetapi tahu kapan waktu untuk bekerja waktu untuk belajar waktu untuk me time dan waktu untuk ngobrol dengan pasangan.","1919698185142075609","","PikamonID","in","","1","1","38","https://x.com/PikamonID/status/1919698185142075609","1192761337","PikamonID"
"1919621791481250039","Tue May 06 05:14:34 +0000 2025","889","#williamEst long au Kisah seorang dosen teknik sipil yang terkenal karna disiplin tapi ternyata sangat bucin kepada sang kekasih. Gala si anak teknik sipil yang selalu membuat huru hara di kampus. Dewa wiratama dan gala aska saputra as main character https://t.co/IteTUoMWbQ","1919621791481250039","https://pbs.twimg.com/media/GqPd1fcbMAApTpv.jpg","","in","","5","1","150","https://x.com/VinaMargar45203/status/1919621791481250039","1712363111590862848","VinaMargar45203"
"1919702802768793663","Tue May 06 10:36:29 +0000 2025","112","Ô∏èTW konten bucin lewaat Ô∏è Seminggu lebih nikah masih di tahap adaptasi transisi yg tadinya ngurusin diri sendiri skrg ada bayi gede yg harus diurus jugaaa wkwk Pulang hanimun baru merasakan realita yg sesungguhnya dimulai inilah babak baru kehidupan https://t.co/JPkZke1Anx","1919702802768793663","https://pbs.twimg.com/media/GqQnhNobAAEg4P1.jpg","","in","Bekasi, Indonesia","0","6","3","https://x.com/fifiyuu/status/1919702802768793663","127092451","fifiyuu"
"1921416923255906552","Sun May 11 04:07:47 +0000 2025","77","Baba's tall stature slim waist and ideal proportions #Dilireba #Dilraba #Ëø™‰∏ΩÁÉ≠Â∑¥ #TheTruthS3 #TheTruth3 #ÂºÄÂßãÊé®ÁêÜÂêß3 #ÂºÄÂßãÊé®ÁêÜÂêß https://t.co/yNpGMKlMx4","1921416923255906552","https://pbs.twimg.com/media/Gqo-dOqXAAAnNcm.jpg","","en","","1","0","18","https://x.com/BucinYangDi1188/status/1921416923255906552","1448969372689526788","BucinYangDi1188"
"1918547892647936114","Sat May 03 06:07:17 +0000 2025","35","The CCD photos of Reba were taken by Sister #JolinJin. A real Barbie #Dilireba #Dilraba #Ëø™‰∏ΩÁÉ≠Â∑¥ #TheTruthS3 #TheTruth3 #ÂºÄÂßãÊé®ÁêÜÂêß3 #ÂºÄÂßãÊé®ÁêÜÂêß https://t.co/uJJ0H6GfK8","1918547892647936114","https://pbs.twimg.com/media/GqANIPAawAQKfvw.jpg","","en","","0","1","2","https://x.com/BucinYangDi1188/status/1918547892647936114","1448969372689526788","BucinYangDi1188"
"1920153533636358202","Wed May 07 16:27:31 +0000 2025","37","Jujur kangen Arya akting bucin WKWK jadi w pilih Arya","1920153533636358202","","","in","","0","3","0","https://x.com/flatlininggg2/status/1920153533636358202","1837348789671317504","flatlininggg2"
"1918352340249088215","Fri May 02 17:10:13 +0000 2025","92","[nihao] guys aku lagi butuh drama modern yg manis2 bucin akut gitu. Selain lvlmv hl tbt love is sweet fae road home only for love you are my secret tff Kayanya udh hampir ku tonton semua lg suntuk dg drama kostum soalnya *Gambar hanya pemanis https://t.co/wDIhn59AYF","1918352340249088215","https://pbs.twimg.com/media/Gp9bSRjWkAA7pTf.jpg","","in","patuhi rules üëâ","1","34","4","https://x.com/mandarinfess/status/1918352340249088215","1263156707833704451","mandarinfess"
"1920144484228382762","Wed May 07 15:51:34 +0000 2025","19","ingfokan au/narasi yang bersangkutan dengan oknum Caine Chana tapi angst dan sad ending plss ak lagi pengen nangis tapi tida ada yang keluar kalo ga dipancing","1920144484228382762","","","in","Scarlet Sanctum","0","2","1","https://x.com/kioomiicaine/status/1920144484228382762","1639189712656302080","kioomiicaine"
"1917996575265370519","Thu May 01 17:36:32 +0000 2025","726","Perjalanan cinta di Rahasia Pertama versi gw: Pesona sederhana -&gt; beneran baru ketemu dan lagi mulai kasmaran Angin Rindu -&gt; kangen pengen ketemu lagi Tak Ada Ujungnya -&gt; mulai bucin banget Satu Alasan -&gt; udah mulai berhubungan berantem2 tapi ujungnya balik lagi","1917996575265370519","","","in","","2","2","124","https://x.com/itsvviii/status/1917996575265370519","1709029413395066880","itsvviii"
"1919949708543299929","Wed May 07 02:57:36 +0000 2025","2","Eris dan agenda bucin anak nyasarnya :3 https://t.co/E2J5sewxXq","1919949708543299929","https://pbs.twimg.com/media/GqUIFGWbAAEM91O.jpg","","in","wibu, buku, y.o.u.","0","1","0","https://x.com/eriselfish_/status/1919949708543299929","2589003852","eriselfish_"
"1920511561388732825","Thu May 08 16:10:12 +0000 2025","105","wonki one tweet au isinya cuma won bucin bucin (freak dikit) ke iki https://t.co/qzWgqo6Yo0","1920511561388732825","https://pbs.twimg.com/media/GqcHFgWWEAAjQY9.jpg","","in","rps nikreun mentok","3","1","31","https://x.com/okaerishi/status/1920511561388732825","1812119899181035520","okaerishi"
"1919264955498463653","Mon May 05 05:36:38 +0000 2025","16","Hope On The Stage Tour in Jakarta edisi ootd yang super simple ini #HOPE_ON_THE_STAGE_TOUR #JHOPE_TOUR #HOS_TOUR_JAKARTA #HOPE_ON_THE_STAGE_TOUR_JAKARTA https://t.co/jbM4cGUMWU","1919264955498463653","https://pbs.twimg.com/media/GqKZS-0aUAEBSeK.jpg","","en","","0","2","0","https://x.com/bucinLDR/status/1919264955498463653","225383069","bucinLDR"
"1919401884399321521","Mon May 05 14:40:44 +0000 2025","2","bucin sbg mamah ke yanqing atuh anak saya mah ganteng pekerja keras lucu nyimut #keren bodo amat dislander he s supposed to be remaja yg masi labil anyway siapapun yg menghina yanKING will fall camkan itu doa ibu didengar aeon https://t.co/X1hIBHGKxI","1919401884399321521","https://pbs.twimg.com/tweet_video_thumb/GqMV1aIaEAANYQa.jpg","","in","layout by mangomaitaii","0","1","0","https://x.com/K_KazuhaJKT48/status/1919401884399321521","1382981538904633347","K_KazuhaJKT48"
"1918317317471318337","Fri May 02 14:51:03 +0000 2025","118","; giliran kak hee yang lagi bucin bucinnya alias pacaran ala kak hee dan riki heeki one tweet au https://t.co/4uNPxHQJUH","1918317317471318337","https://pbs.twimg.com/media/Gp87brrboAAvRSG.jpg","","in","","3","0","32","https://x.com/heevxnz/status/1918317317471318337","1712115879008407552","heevxnz"
"1921450660026896456","Sun May 11 06:21:50 +0000 2025","7","yg benci sama mem bangtan smpe ngata¬≤in gue sumpahin smoga suatu saat bucin mampus","1921450660026896456","","","in",". .‚ô° yoongi . ‚âΩ‹´‚âº","0","2","0","https://x.com/inadtsuga/status/1921450660026896456","1183039998104199168","inadtsuga"
"1921407768252055971","Sun May 11 03:31:24 +0000 2025","5","abis nonton lagi dan baca bbrp komen gue kyknya makin yakin kalo jeyeon belum bener2 100% ke jimin dia juga jujur sih bilang ke jimin kalo dia msh cautious sm pilihannya gak langsung mantepin hati ke satu arah beda bgt sm jimin yg kayaknya udh bucin bgt sm jeyeon #HeartPairing","1921407768252055971","","","in","svtws & asian drama-film","1","1","0","https://x.com/gaccigayo/status/1921407768252055971","779173457313435648","gaccigayo"
"1920454061939188216","Thu May 08 12:21:43 +0000 2025","422","Genio tuh bucin bgt sama Aily pokoknya bucin banget titik gak pake koma. #jenrina #bluesy https://t.co/p7pcvFG3pM","1920454061939188216","https://pbs.twimg.com/media/GqbSyVsXMAAyezN.jpg","","in","rps.","1","1","62","https://x.com/souricles/status/1920454061939188216","3893876009","souricles"
"1921509227115290880","Sun May 11 10:14:34 +0000 2025","20","SinemArt &amp; SCTV: wah duit nih","1921509227115290880","","","in","bikini bottom ü´ßü™∏ü´ôüê¨üßú‚Äç‚ôÄÔ∏è","0","1","0","https://x.com/redhorse44/status/1921509227115290880","1642331059634442241","redhorse44"
"1921509919280201911","Sun May 11 10:17:19 +0000 2025","62","fans lo dikit jadi ga mampu teriak kan? HAHAHAHA","1921509919280201911","","","in","bikini bottom ü´ßü™∏ü´ôüê¨üßú‚Äç‚ôÄÔ∏è","0","3","2","https://x.com/redhorse44/status/1921509919280201911","1642331059634442241","redhorse44"
"1918597444142587911","Sat May 03 09:24:11 +0000 2025","5","Ikut lepas title madei stlh 8 tahun Beneran muak apalagi ini oknum¬≤ tolol mental maling pada masuk ntn ","1918597444142587911","","","in","Republic of Korea","0","1","2","https://x.com/bucin_goldie/status/1918597444142587911","2614590907","bucin_goldie"
"1919640431924486497","Tue May 06 06:28:38 +0000 2025","5","archive pas lagi bucin-bucin nya sama unpad until now ‚Äç‚Äç https://t.co/Jfvdm2DzxO","1919640431924486497","https://pbs.twimg.com/media/GqPuxwwaMAA5r3Y.jpg","","in","FISIP/FIB UNPAD ","0","3","0","https://x.com/flauentiest/status/1919640431924486497","1552422575317614592","flauentiest"
"1921262558863892910","Sat May 10 17:54:24 +0000 2025","11","sebenarnya posisiku ini lucu kyk aku beneran bucin mampus sama Li tapi disisi lain aku memposisikan mcku itu org yg berbeda dari diriku sendiri kyk anakku gt lah ya aku jatohnya malah kyk ship Li x MC yg aku anggap bukan diriku sendiri tapi oc ku gt..","1921262558863892910","","","in","22‚Üë","2","4","2","https://x.com/qinchesoul/status/1921262558863892910","1883439545422876673","qinchesoul"
"1921504424389652774","Sun May 11 09:55:29 +0000 2025","2","kpopers kalo dah ketemu cowo rl bucinnya setengah mati (fakta dari temen kpop sekitar) sebenernya udah bisa kebaca sih dari level bucin idol kpopnya tapi rata2 ketemu cwk ga bener terus galauin cwk rl nya bentar terus balik ke cwk kpopnya lagi gitu aja terus siklusnya","1921504424389652774","","","in","Himeji, Jepang","0","0","0","https://x.com/isnaimeiii/status/1921504424389652774","714351733","isnaimeiii"
"1919738983359094855","Tue May 06 13:00:15 +0000 2025","430","WilliamEst AU - bucin - #WilliamEst : @ontywesley https://t.co/aoKQvRmDTR","1919738983359094855","https://pbs.twimg.com/media/GqRIZ6lbAAAxu3m.jpg","","cy","onty wesley","4","1","67","https://x.com/ontywesley/status/1919738983359094855","1744618049460985856","ontywesley"
"1919010767384326254","Sun May 04 12:46:35 +0000 2025","93","i've always thought everlark is similar to shinran also happy birthday heisei holmes as a gift here is you not so angsty like how i usually draw #shinran #shinichikudo #ranmouri #detectiveconan #everlark #thg https://t.co/ZGHPrp3OdM","1919010767384326254","https://pbs.twimg.com/media/GqGyHw6bIAA57cZ.jpg","","en","","1","1","24","https://x.com/radotharu/status/1919010767384326254","1553779428945465344","radotharu"
"1921222086569161048","Sat May 10 15:13:34 +0000 2025","63","RT and like are very appreciated‚ÄºÔ∏è‚ÄºÔ∏è‚ÄºÔ∏è LOOKING FOR RESPONDEN BUCIN HERTA halo saya sedang mencari responden untuk mengisi kuesioner penelitian saya. kriterianya seperti yang tertera di foto kuesioner kali ini untuk pemilihan desain. https://t.co/4JqiyXAb0g","1921222086569161048","https://pbs.twimg.com/media/GqmNTkabcAAhlnD.jpg","","in","","7","18","71","https://x.com/scaramoucez/status/1921222086569161048","1373425752679485442","scaramoucez"
"1919144332650549562","Sun May 04 21:37:19 +0000 2025","273","AAAAAAAAAA AAAAAAAAAA LARII ADA BUCIN gerogi bgt gw https://t.co/7BVTTjM3PU","1919144332650549562","https://pbs.twimg.com/amplify_video_thumb/1919015657380950016/img/D7Etl3fJkEvXRzcP.jpg","","in","100% Honey, OffNew addict üîû","0","0","23","https://x.com/ourcspolarrrie_/status/1919144332650549562","1682709498547535873","ourcspolarrrie_"
"1920082655304987110","Wed May 07 11:45:53 +0000 2025","3","Nggak pernah tertarik menjadi cewek yang kejam demi nge-keep cowok. Tapi selalu mengingatkan diri supaya jangan pernah bucin ke cowok. Sehebat apapun si cowok mencintai sewajarnya aja. Yang penting bisa pegang komitmen alias nggak macem2 tapi nggak perlu sampai bucin. ","1920082655304987110","","","in","","0","0","0","https://x.com/bukangulagula/status/1920082655304987110","898412153543180288","bukangulagula"
"1919585942001868990","Tue May 06 02:52:07 +0000 2025","3","Ohhh ternyata ini jawaban dari mimpinya https://t.co/uHdtt1NYk0","1919585942001868990","https://pbs.twimg.com/media/GqO9PMibAAIPJ34.jpg","","in","","0","0","0","https://x.com/bucinLDR/status/1919585942001868990","225383069","bucinLDR"
"1920036882156793951","Wed May 07 08:43:59 +0000 2025","3","Kaget banget bangun tidur buka notif si mas ini update. Makin kaget pas buka notifnya ternyata doi selfie (kalau soal doi selfie bareng ayangnya walaupun cuma foto di tembok udah gak kaget. Kan emang udah bucin mentok) :) https://t.co/5Aw05QoAWR","1920036882156793951","https://pbs.twimg.com/ext_tw_video_thumb/1920036867166334976/pu/img/8AEMj15mvgO3Qrxp.jpg","","in"," MINOR, GET OUT!!!","0","0","2","https://x.com/winniedepreshit/status/1920036882156793951","1748505163189653504","winniedepreshit"
"1921225009600577792","Sat May 10 15:25:11 +0000 2025","15","myu! sender looking for responden terutama yang bucin herta ada 2 esp untuk trailblazer yg beruntung. sender drop linkny di bawah yaaa atau boleh komen nnti sender meluncur ke dm nya. tia https://t.co/Y9jsMOmcjA","1921225009600577792","https://pbs.twimg.com/media/GqmP9tQWcAAotDf.jpg","","in","Amphoreus‚ú®","0","9","5","https://x.com/myufess/status/1921225009600577792","1879425724161069056","myufess"
"1921513665976549781","Sun May 11 10:32:12 +0000 2025","87","maaf kalo tl gue kebanyakan nyindir hari ini karna gue udah muak bgt cok. ampe di katain fans dajjal loh kalian ini apa? mau kita hargai ga? kalo mau kita hargai lo belajar sopan santun dulu mending","1921513665976549781","","","in","bikini bottom ü´ßü™∏ü´ôüê¨üßú‚Äç‚ôÄÔ∏è","0","0","7","https://x.com/redhorse44/status/1921513665976549781","1642331059634442241","redhorse44"
"1921526081103827077","Sun May 11 11:21:32 +0000 2025","5","udah ges jangan marah marah lagi mereka jg ga bakal sadar","1921526081103827077","","","in","bikini bottom ü´ßü™∏ü´ôüê¨üßú‚Äç‚ôÄÔ∏è","0","0","1","https://x.com/redhorse44/status/1921526081103827077","1642331059634442241","redhorse44"
"1921207469847544299","Sat May 10 14:15:29 +0000 2025","45","sehari kaga nge roasting sinetron agejet seperti ada bumbu bumbu yg kurang dalam hidup ini","1921207469847544299","","","in","bikini bottom ü´ßü™∏ü´ôüê¨üßú‚Äç‚ôÄÔ∏è","0","1","0","https://x.com/redhorse44/status/1921207469847544299","1642331059634442241","redhorse44"
"1918317313843184128","Fri May 02 14:51:02 +0000 2025","10","Kyusung Mini Au #Kyusung Kyu : yg mana beb orangnya yg td ngejek kamu Yeye : yg itu tuu Kyu : as* lu . . Wkwkwkwk aduh maaf maaf gabut aku ","1918317313843184128","","","in","dusun majasri","0","1","0","https://x.com/BeUrCLOUDS/status/1918317313843184128","2995021591","BeUrCLOUDS"
"1920359294387826760","Thu May 08 06:05:08 +0000 2025","187","what if cio yang tawuran jacob yang ngomel ngomel ( tapi kalo urusan bucin mah sama aja ) https://t.co/MC2QUHwph9","1920359294387826760","https://pbs.twimg.com/media/GqZ8mLUXoAA1Tp1.jpg","","in","","0","2","28","https://x.com/zhngchenleo/status/1920359294387826760","1384515224544309251","zhngchenleo"
"1918748523966919065","Sat May 03 19:24:31 +0000 2025","138","GUA JUGA MAU BUCIN AJGGG LU PIKIR GUA GAMAU GT FOTO MIRROR TRS DIPOST PKE LAGU HUMMING","1918748523966919065","","","in","","7","21","43","https://x.com/pecelanyam/status/1918748523966919065","1560222493264162816","pecelanyam"
"1918953666859413543","Sun May 04 08:59:41 +0000 2025","24","bucin! have i not hinted enough that i like you? want u so bad","1918953666859413543","","","en","Ganesha, Jatinangor, Cirebon","3","1","3","https://x.com/DraftAnakITB/status/1918953666859413543","1804409229442453505","DraftAnakITB"
"1921513809589453040","Sun May 11 10:32:46 +0000 2025","24","cp lu kaga ada chemistry nya maaf boring bgt gue liatnya","1921513809589453040","","","in","bikini bottom ü´ßü™∏ü´ôüê¨üßú‚Äç‚ôÄÔ∏è","0","0","6","https://x.com/redhorse44/status/1921513809589453040","1642331059634442241","redhorse44"
"1921137993051525158","Sat May 10 09:39:25 +0000 2025","274","Mav kalau sensitip tapi kalian anak UT! yang kuliah sambil kerja tuh sempet pacaran / bucin gak? Rutinitas sender perasaan padat banget. Subuh olahraga pagi-sore kerja malem tuton ","1921137993051525158","","","in","","54","146","13","https://x.com/utfess/status/1921137993051525158","1451424492719251460","utfess"
"1921501411663069428","Sun May 11 09:43:30 +0000 2025","126","gue kalo disana juga bakal teriak MOQEEL AMPE AKHIRRRRRR","1921501411663069428","","","in","bikini bottom ü´ßü™∏ü´ôüê¨üßú‚Äç‚ôÄÔ∏è","0","0","7","https://x.com/redhorse44/status/1921501411663069428","1642331059634442241","redhorse44"
"1920700001899991124","Fri May 09 04:38:59 +0000 2025","6"," This scene feels like what I once saw on a screen #HOPE_ON_THE_STAGE_TOUR #HOPE_ON_THE_STAGE_TOUR_JAKARTA #JHOPE_TOUR #HOS_TOUR_JAKARTA_D2 https://t.co/FP6nACkkoa","1920700001899991124","https://pbs.twimg.com/amplify_video_thumb/1920699874946826240/img/VgdGG7OFIeaH0HKC.jpg","","en","","0","0","0","https://x.com/bucinLDR/status/1920700001899991124","225383069","bucinLDR"
"1920888075430805755","Fri May 09 17:06:20 +0000 2025","2701","kim bucin mingyu detected https://t.co/5RDZH0TSDJ","1920888075430805755","https://pbs.twimg.com/amplify_video_thumb/1920888015876222976/img/_mqpexNZ5cAQYrpU.jpg","","hu","rps 21+ ( minwon )","6","0","532","https://x.com/minwoniryu/status/1920888075430805755","1771515708142481408","minwoniryu"
"1920685190998897018","Fri May 09 03:40:08 +0000 2025","161","REKOMENDASI /wp/ posesif bucin gt donggg yang butterfly friendly wkwkwk thanks beforeee","1920685190998897018","","","in","","2","14","13","https://x.com/wattpadmenfess_/status/1920685190998897018","1308443040449585152","wattpadmenfess_"
"1921511136999989757","Sun May 11 10:22:09 +0000 2025","150","kita di kasih interaksi dikit bgt loh? kok keliatan panas bgt fans sebelah takut kita TAMBAH TERANG ya? tau kok chemistry mq se dahsyat itu walaupun tatap-tatapan doang","1921511136999989757","","","in","bikini bottom ü´ßü™∏ü´ôüê¨üßú‚Äç‚ôÄÔ∏è","1","0","43","https://x.com/redhorse44/status/1921511136999989757","1642331059634442241","redhorse44"
"1918282393741607197","Fri May 02 12:32:17 +0000 2025","403"," taeshan few tweets au nala thio join trend bucin (fomo) https://t.co/8aRI9MEvyJ","1918282393741607197","https://pbs.twimg.com/media/Gp8bqDDawAMtK13.jpg","","en","rps.","4","1","80","https://x.com/gfzhomo/status/1918282393741607197","1908923685333012480","gfzhomo"
"1921204933245739016","Sat May 10 14:05:25 +0000 2025","230","yang besok nyampah di love fest alias ngelempar botol ke cimit gue AWAS AJA GUE TANDAIN MUKA LO","1921204933245739016","","","in","bikini bottom ü´ßü™∏ü´ôüê¨üßú‚Äç‚ôÄÔ∏è","0","3","16","https://x.com/redhorse44/status/1921204933245739016","1642331059634442241","redhorse44"
"1918877685687714005","Sun May 04 03:57:45 +0000 2025","80"," It seems Ba will attend the Dior event in SH on May 8th; that's why she won't participate in the #TheTruth recording that day. #Dilireba #Dilraba #Ëø™‰∏ΩÁÉ≠Â∑¥ https://t.co/p44PqfORfq","1918877685687714005","https://pbs.twimg.com/media/GqE5EVVaUAAEO0j.jpg","","en","","2","3","15","https://x.com/BucinYangDi1188/status/1918877685687714005","1448969372689526788","BucinYangDi1188"
"1921414895599260022","Sun May 11 03:59:43 +0000 2025","2","liat khasus yg lagi rame trs baru liat orang2 rata2 ngaku klau pada ngbiasin Iqbal pas jaman dulu sedangkan gue dulu bener2 bucin Bastian bgt anjr aplgi dulu tuh lagu dia enak2 bgt kyk lelah selfie juara di hati dll pokoknya smpe gue tulis liriknya di buku gue","1921414895599260022","","","in","jual app prem (dm for pl)","1","1","0","https://x.com/haefsfullsunie/status/1921414895599260022","1720425332443148288","haefsfullsunie"
"1921228366738342158","Sat May 10 15:38:31 +0000 2025","118","emang semuanya tentang duit etika pun sampai lupa. Maksud gua ya Nicole as pemeran utama kenapa posternya di taro antara Noel sama El? kan bisa di taro bareng aqeela sama raisa. Perkara fatso ga hadir kok kelakuan lu se enaknya aja","1921228366738342158","","","in","bikini bottom ü´ßü™∏ü´ôüê¨üßú‚Äç‚ôÄÔ∏è","0","0","0","https://x.com/redhorse44/status/1921228366738342158","1642331059634442241","redhorse44"
"1919296839582462365","Mon May 05 07:43:20 +0000 2025","188","raisa: kamu gak ngerasa takut emang moh. kalo ini semua cuma moment singkat? mohan: kalo ini singkat aku akan inget tiap detik. memasuki era mohan mode bucin ke babygyalnya #mora https://t.co/K8Il4E6G7i","1919296839582462365","https://pbs.twimg.com/ext_tw_video_thumb/1919296766106861568/pu/img/yJyDLwVBTO0xwoeU.jpg","","in","","5","4","32","https://x.com/kiinarchives/status/1919296839582462365","1414497475667193856","kiinarchives"
"1920664732152856989","Fri May 09 02:18:51 +0000 2025","2","Kata gue laki gue jangan asbun anjir?!?!?!","1920664732152856989","","","in","","0","0","0","https://x.com/bucinLDR/status/1920664732152856989","225383069","bucinLDR"
"1918502471921746317","Sat May 03 03:06:48 +0000 2025","32","tdl! guys menurut kalian diantara dk yujin sunwoong jihwan siapaa yg the best paling gemes dan lucu paling bucin paling berkesan dan susah dilupain? untuk aku pick jadi yg terakhir","1918502471921746317","","","in","check our carrd for t&c!","4","6","2","https://x.com/pickafess/status/1918502471921746317","772129593859776512","pickafess"
"1921237922663026800","Sat May 10 16:16:30 +0000 2025","4","MAMPUS LU ATHA UDAH GUA SS KELAKUAN BANGSAT LU ITU https://t.co/IQgilT7jnR","1921237922663026800","https://pbs.twimg.com/media/GqmbtTqbcAElI0S.jpg","","in","","0","3","0","https://x.com/nrwttitiii/status/1921237922663026800","1290688948059041793","nrwttitiii"
"1920696321012269324","Fri May 09 04:24:22 +0000 2025","2","/melihat mfs base alnst /Melihat reply Eh ini kok ada yg ga bisa di rep qrt atau like gimana deh biar bisa kek gini /Liat akunnya Oalah anjir aku di block Tapi aku gatau dia siapa jir kek ga pernah mutualan dah rasanya (spertinya ak annoying bagi dia) ywdhlh","1920696321012269324","","","in","kdj's heart","0","3","0","https://x.com/iHugLeeHamin/status/1920696321012269324","1383685057252974592","iHugLeeHamin"
"1919362902383022239","Mon May 05 12:05:50 +0000 2025","347","Ftd! Nama kepanjangannya joss tuh bukan joss wayar tapi joss bucin gawin https://t.co/0G4ccHPZ9M","1919362902383022239","https://pbs.twimg.com/ext_tw_video_thumb/1919238777559777280/pu/img/RyVDxn3r2LonSMh-.jpg","","in","","7","3","45","https://x.com/fessthaii/status/1919362902383022239","1393735951239684100","fessthaii"
"1826145551018004666","Sun May 11 05:47:50 +0000 2025","118","393. dahlah kelewat bucin nih duo sahabat. https://t.co/MlkXmDws7n","1921442102161891393","https://pbs.twimg.com/media/GqpVZlXWwAAdbzl.jpg","beyluvjmjk","in","ü§çüñ§ KM","0","6","4","https://x.com/beyluvjmjk/status/1921442102161891393","1498616635581632514","beyluvjmjk"
"1920071200375779742","Wed May 07 11:00:22 +0000 2025","8","Emang cewe independen gabole bucin?","1920071200375779742","","","in","Kota Surabaya, Jawa Timur","0","1","0","https://x.com/estehjumbodua/status/1920071200375779742","617783550","estehjumbodua"
"1918861919618023748","Sun May 04 02:55:07 +0000 2025","591","Mana mungkin seorang Bookie bisa bohong () wkwk orang dia anaknya 11/12 lempengnya sama Gawin. Kalau Bookie aja berani buat statement itu udah bisa dipastikan yang inisial JWR itu bucin tiplek-tiplek sama Gawin wkwkwk~","1918861919618023748","","","in","*.‚ùÖ Zayne's Wife ‚ùÖ.*","0","4","75","https://x.com/gawinour/status/1918861919618023748","1735231222144696320","gawinour"
"1919390248015978925","Mon May 05 13:54:30 +0000 2025","119","my roman empire #mewtul https://t.co/7Lqu37zqpi","1919390248015978925","https://pbs.twimg.com/media/GqMLNbsagAAFcbs.jpg","","en","","0","1","12","https://x.com/wemewemewem/status/1919390248015978925","1354888741790208000","wemewemewem"
"1918682595673657433","Sat May 03 15:02:32 +0000 2025","23","wst couple gen-z favorit westenthu makin bucin Olivia di piggyback ama Louis https://t.co/aCWJmhezL5","1918682595673657433","https://pbs.twimg.com/media/GqBqwzGWIAAXjU6.jpg","","en","RULES ‚û°Ô∏è","1","1","1","https://x.com/westenthu/status/1918682595673657433","1291404424250712064","westenthu"
"1919364485564788849","Mon May 05 12:12:08 +0000 2025","220","#GeminiFourth One Shoot Au What if Gaziel merupakan anak dari pasangan bucin Kara dan Naren. Happy Reading. Sorry for typo https://t.co/UbAApQ00DI","1919364485564788849","https://pbs.twimg.com/media/GqLz0wjaAAAgIA3.jpg","","in","","2","1","27","https://x.com/NyyXoraa/status/1919364485564788849","1903402708167798784","NyyXoraa"
"1921174795779035572","Sat May 10 12:05:39 +0000 2025","13","Hai haii udah lama gk post disinii... choitcherry ku udh jadi Alhamdulillah sesuai dengan usahanya dan ini crochetan pertama ku setelah rest sebulanan kali ya Anw aku mau ajak moots di ig nihh sering post nya disana soalnyaÔ∏è https://t.co/ILD88d4iZR","1921174795779035572","https://pbs.twimg.com/media/GqliS2PWcAAyBeu.jpg","","in"," ü·¥è·¥†…™…¥…¢ Íú±·¥á·¥ú…¥…¢·¥Ñ ú·¥á·¥è ü '·¥õ…™ ü …™ ·¥Ö·¥è…¥'·¥õ","0","2","0","https://x.com/cheerxtoyouxth/status/1921174795779035572","1830492165174374400","cheerxtoyouxth"
"1918743594195706364","Sat May 03 19:04:56 +0000 2025","307","#Aloriga. When they jumps on the trend jalan-jalan ke second (bucin) account edisi telat. a winselle few tweets au. https://t.co/McIDyHuIc7","1918743594195706364","https://pbs.twimg.com/media/GqC_ISBbAAAMXVJ.jpg","","en","RPS | MINORS & HOMOPHOBIC DNI","13","1","51","https://x.com/Saturnimne/status/1918743594195706364","1634544138468331525","Saturnimne"
"1921505760225235451","Sun May 11 10:00:47 +0000 2025","18","teman-teman terimakasih yang udh support kadek di lf2 aku bangga sm yg di offline sampai teriak moqeel KERAS BGT itu artinya kita blm tenggelam dan masih ada sampai sekarang untuk kadek tim online aku bangga sm kalian yang naik in hastag sampai ribuan demi kadek hehe ily ","1921505760225235451","","","in","bikini bottom ü´ßü™∏ü´ôüê¨üßú‚Äç‚ôÄÔ∏è","0","0","6","https://x.com/redhorse44/status/1921505760225235451","1642331059634442241","redhorse44"
"1919731303752048883","Tue May 06 12:29:44 +0000 2025","5","Hesha: Lu mau kembali ke masa lalu apa ngintip masa depan? Jill: Masa lalu sih SMA. Hesha: Napa? Jill: Mau geplakin diri gue. Ngapain ngejar orang gak jelas padahal jodoh gue tuh sekelas sama gue? Hesha: Lah Hadi kan bucin sama temen lo? Jill: Iya juga. https://t.co/eaSWbK21Bw","1919731303752048883","https://pbs.twimg.com/amplify_video_thumb/1919712899901042688/img/lr1shFXSOvkzHt0A.jpg","","in","LIST AU: ","1","1","0","https://x.com/minnaloka_/status/1919731303752048883","1842542323311476736","minnaloka_"
"1921453647201710170","Sun May 11 06:33:43 +0000 2025","446","mae ning sama gem sama aja ya kalo udah ditanyain tentang fot langsung sumringah bgt sekeluarga bucin banget sama fot ","1921453647201710170","","","in","ùïúùïôùï¶ùïüùïüùï†ùï† ‚òÜ ùïùùï™ùïúùï™ùï†ùï¶","0","0","81","https://x.com/dycuri/status/1921453647201710170","1794083416058609664","dycuri"
"1921031403887612145","Sat May 10 02:35:52 +0000 2025","39","bucin! kangen bgt. kamu sama kangennya ga ya sama aku? i hope we can talk again like we used to :(","1921031403887612145","","","in","Ganesha, Jatinangor, Cirebon","2","0","4","https://x.com/DraftAnakITB/status/1921031403887612145","1804409229442453505","DraftAnakITB"
"1919612439680975360","Tue May 06 04:37:24 +0000 2025","161","pak hyunbin: nak wooseok kapan gopub nya? saya rasa kamu dah keliatan sangat amat bucin https://t.co/YoyNNukZX6","1919612439680975360","https://pbs.twimg.com/media/GqPVVoubAAQsS1G.jpg","","in","ÏÜîÏÑ† ‚öìÔ∏è ÏàòÎ≤î ‚ú∞ . ‚ô°","0","4","7","https://x.com/bbearwooffy/status/1919612439680975360","1827325730310778880","bbearwooffy"
"1918967768164061459","Sun May 04 09:55:43 +0000 2025","475","tul playfully suggested that if he's in charge of the house then mew should be in charge of the wedding and mew be like we can get married next month then (since yk the one who has wedding dream plan is tul haha) #mewtul https://t.co/9zuVd0NW4J","1918967768164061459","https://pbs.twimg.com/amplify_video_thumb/1918966623844913152/img/zErOii492jsHqMLU.jpg","","en","","4","1","111","https://x.com/wemewemewem/status/1918967768164061459","1354888741790208000","wemewemewem"
"1920756763973890118","Fri May 09 08:24:33 +0000 2025","26","kata gue sih bucin seokjin di bangtan buruan deh. claim balik nih si princess. takut banget seokjin di culik sanguk https://t.co/2CbArfKth3","1920756763973890118","https://pbs.twimg.com/ext_tw_video_thumb/1907372811951435778/pu/img/lsR8WBvEDS3WGBOm.jpg","","in","","0","0","1","https://x.com/me_jinkaiiii/status/1920756763973890118","1624979340797841410","me_jinkaiiii"
"1920886576873185600","Fri May 09 17:00:22 +0000 2025","34","Oi mba ariel bucin banget you ! Gak kuat LDR ya sma Daffa ? https://t.co/9FCJofeUqT","1920886576873185600","https://pbs.twimg.com/media/GqhcJ71bcAAA-9r.jpg","","in","","0","2","0","https://x.com/AngetNget/status/1920886576873185600","1683117144664584193","AngetNget"
"1919450584169537941","Mon May 05 17:54:15 +0000 2025","221","Hong Haein s photos in every corner Hyunwo s house Baek Bucin Hyunwo Ô∏è #QueenofTears https://t.co/J29HOE0Gky","1919450584169537941","https://pbs.twimg.com/media/GqNCIR3bAAMiDVi.jpg","","en","","1","0","39","https://x.com/ululdisini/status/1919450584169537941","955512778604691456","ululdisini"
"1918555573097845033","Sat May 03 06:37:48 +0000 2025","23"," bukan sembarang angka #YangDi #Ê¥ãËø™ https://t.co/KZbtCAXiBq","1918555573097845033","https://pbs.twimg.com/ext_tw_video_thumb/1918555456659963908/pu/img/zRHTWU91Hu2_gGdG.jpg","","in","","0","0","3","https://x.com/BucinYangDi1188/status/1918555573097845033","1448969372689526788","BucinYangDi1188"
"1919228743219904771","Mon May 05 03:12:44 +0000 2025","254","Makin sering denger lagu sal tu sebenernya tu gak selalu happy ya maknanya tp musicnya selalu dibawa happy. 1. Berharap pada timur &gt;&gt; iya emang cegil bucin mampus tp dibalik itu dia sebenernya sedih banyak yg gk setuju sama percintaannya. Ragu sama pilihannya tp dipercaya2in","1919228743219904771","","","in","","0","3","32","https://x.com/kerikilll_/status/1919228743219904771","3257274588","kerikilll_"
"1921232273644363788","Sat May 10 15:54:03 +0000 2025","18","Persetan sama branding di medsos kalo udah kecintaan mah semua foto bucin pokoknya harus gue posting wkwkwk https://t.co/MBFoYoIFhD","1921232273644363788","https://pbs.twimg.com/media/GqmWkdaaoAA74La.jpg","","in","Asgardia","1","6","0","https://x.com/urgencyyyy/status/1921232273644363788","1667783433379287040","urgencyyyy"
"1921466001541272035","Sun May 11 07:22:48 +0000 2025","9",": ni anak nih becanda sendiri (godain g mksdnya) terus malu sendiri coba (YHA NAMANYA BUCIN GITU PAK) : HOOOOOO (sumpah dia malu salting sendokir) : bener khan~? (Gawin km knp iseng bgt ) : iya kap Ô∏èÔ∏èÔ∏è (sudah tak berkutik sodara sodara) Gue ngetiknya juga jd","1921466001541272035","","","in","","0","0","3","https://x.com/masjosswayar/status/1921466001541272035","1915972739703443463","masjosswayar"
"1918863347123978252","Sun May 04 03:00:47 +0000 2025","3","gimana cara menghapus bayangan jinung as loan shark yg kemaren mampir di mimpi. alias bahaya bgt kalo bucin kebablasan ","1918863347123978252","","","in","Dark Figure of Crime‚öíÔ∏è","0","0","0","https://x.com/sweetwilen/status/1918863347123978252","1529387122469523456","sweetwilen"
"1921470556139843669","Sun May 11 07:40:54 +0000 2025","9","bang ak kangen bang ak kangen bambang kangen abang kangen aris ken. MUNCULLAH WAHAI HARRIS CAINEE!! @/HarrisCainee https://t.co/GZTFCMs8TV","1921470556139843669","https://pbs.twimg.com/media/GqpvSdTaUAAqWdz.jpg","","in","Scarlet Sanctum","0","0","1","https://x.com/kioomiicaine/status/1921470556139843669","1639189712656302080","kioomiicaine"
"1920836008142053557","Fri May 09 13:39:26 +0000 2025","5","Dokter help. Bahkan seluruh template cogil cegil dan template capcut bucin alay kabupaten yang ada didunia gak bisa menggambar seberapa gila cinta sayang mabuk tantrum bloon nya gue karena pacarku SHANI INDIRA. Semua orang harus tau kalau SHANI PACARKU ganteng luar biasa.","1920836008142053557","","","in","29917-261018-23820-071220-2301","0","1","0","https://x.com/loveZS0498/status/1920836008142053557","495669142","loveZS0498"
"1919310970368778674","Mon May 05 08:39:29 +0000 2025","426","BUCIN MENTOK SEMENTOK-MENTOKNYA https://t.co/DOm1esxE1T","1919310970368778674","https://pbs.twimg.com/media/GqLDJz9bQAAyKDa.jpg","","in","fan account-`·É¶¬¥- rps","2","18","49","https://x.com/euranoiaa/status/1919310970368778674","1629755443085185026","euranoiaa"
"1919673212113469696","Tue May 06 08:38:54 +0000 2025","61","Little Ba that I've never seen before. What a cutie #Dilireba #Dilraba #Ëø™‰∏ΩÁÉ≠Â∑¥ https://t.co/WMjh2VmaAq","1919673212113469696","https://pbs.twimg.com/media/GqQMnA_bAAICtLn.jpg","","en","","0","0","8","https://x.com/BucinYangDi1188/status/1919673212113469696","1448969372689526788","BucinYangDi1188"
"1919335732490949071","Mon May 05 10:17:52 +0000 2025","15","udh lah yaaa Hok.. udh pada tahu klo bucin sama Tsurugi https://t.co/05TQrRygSy","1919335732490949071","https://pbs.twimg.com/ext_tw_video_thumb/1919335699129810944/pu/img/YpAgltlCJGNdYrJe.jpg","","in","Lamongan, Indonesia","1","3","1","https://x.com/Merirs_28/status/1919335732490949071","328814905","Merirs_28"
"1921509083351277804","Sun May 11 10:14:00 +0000 2025","12","mentalnya kurang berani nih sampe ngajak ngajak orang? gue siap kok lo serang ga bakal kalah jg","1921509083351277804","","","in","bikini bottom ü´ßü™∏ü´ôüê¨üßú‚Äç‚ôÄÔ∏è","0","1","1","https://x.com/redhorse44/status/1921509083351277804","1642331059634442241","redhorse44"
"1921451520236634519","Sun May 11 06:25:15 +0000 2025","9","pompom! sender looking for responden terutama yang bucin herta ada 2 esp untuk trailblazer yg beruntung. sender drop linkny di bawah yaaa atau boleh komen nnti sender meluncur ke dm nya. tia masih kurang banyak huhu &gt;__&lt; https://t.co/ZwyntasF38","1921451520236634519","https://pbs.twimg.com/media/Gqpd-XRW4AAKuQB.jpg","","in","Stasiun Pombensin | üê¨ & üåå","0","2","6","https://x.com/pompomfess/status/1921451520236634519","1639968630007029761","pompomfess"
"1918994175023792463","Sun May 04 11:40:39 +0000 2025","3","pertanyaan yang bisa ku tanya 15x sehari dan cowo ku sayang dong sayang banget sayang besar dan sayang banget banget banget dan selalu aku mau ko jawabin pertanyaan itu seumur hidup wow wow wo numpang bucin sekali","1918994175023792463","","","in","no war ‚Ä¢ no shipper and solos!","0","1","0","https://x.com/guemaungeluh/status/1918994175023792463","1331207771518242823","guemaungeluh"
"1921519612543279514","Sun May 11 10:55:50 +0000 2025","14","gue bisa kok bales argumentasi kalian pake kata yang sopan tapi gabisa lo aja perang argumen pake BAHASA YG GA SOPAN. yakali gue harus bales baik baik? gabisalah","1921519612543279514","","","in","bikini bottom ü´ßü™∏ü´ôüê¨üßú‚Äç‚ôÄÔ∏è","0","0","0","https://x.com/redhorse44/status/1921519612543279514","1642331059634442241","redhorse44"
"1919384358089064823","Mon May 05 13:31:06 +0000 2025","143","beneran dibikin bucin sama parfum the body tale harganya murce tapi SPL-nya DARDERDOR bulan kemarin repurchase juliette tapi sekalian beli varian Diana ternyata wanginya unik! definisi wangi cewe cantik &amp; fresh https://t.co/vFyB4cxVsk","1919384358089064823","https://pbs.twimg.com/media/GqMF3HnbgAEGRMW.jpg","","in","","0","6","135","https://x.com/mdeww_/status/1919384358089064823","4563929654","mdeww_"
"1921061473603801173","Sat May 10 04:35:21 +0000 2025","191","______ ______ ______ ______ ______ ______ ‚Üê yonghoon bucin ‚†á ‚Åπ ·µê‚Å±‚Åø·µò·µó·µâÀ¢ ·µÉ·µç·µí cowo gue minggir lu semua https://t.co/6JF80DphgR","1921061473603801173","https://pbs.twimg.com/media/Gqj7OpYbcAEREGj.jpg","","in","she | ina & eng","2","0","31","https://x.com/bakejunhyuk/status/1921061473603801173","1605165350236348416","bakejunhyuk"
"1920044910067294529","Wed May 07 09:15:53 +0000 2025","16","sebelum pacaran mitsu bubu pernah pacaran sama older woman namanya tamayo. tapi mereka putus karena tante mayo harus nikah sama laki laki dan sekarang udah punya anak. bubu emang keliatan bucin bgt sama mitsu tapi aslinya dia masih gamon dikit sama si tante ","1920044910067294529","","","in","FICTION üîû","1","2","0","https://x.com/shekatsuki/status/1920044910067294529","1767091702156976128","shekatsuki"
"1919408570740695311","Mon May 05 15:07:18 +0000 2025","6","Duet fajar sm bcl manis bgt aslii suaranya sama2 manis lagunya juga cocok bgt.. fix fajar kalo nanti kelar idol rilis lagu bucin pasti fangirl2 pd meleleh","1919408570740695311","","","in","","0","0","2","https://x.com/bucinzero/status/1919408570740695311","1090825852382638080","bucinzero"
"1921121974178259347","Sat May 10 08:35:46 +0000 2025","2","#ths secret mini photoset sky 350k inc packing exc admin shopee 13% (bisa splitpay). Dom Tangerang yaa https://t.co/zQM2JYfwFK","1921121974178259347","https://pbs.twimg.com/media/GqkyQN1bcAEuLbd.jpg","","in","","0","2","0","https://x.com/nrwttitiii/status/1921121974178259347","1290688948059041793","nrwttitiii"
"1921527990279692600","Sun May 11 11:29:07 +0000 2025","6","EH LUPA AU MQ FATSA GUE TEMEN TEMEN AKU LANJUT NULIS DULU YA LUPA GARA GARA DRAMA TADI ANJIRT","1921527990279692600","","","in","bikini bottom ü´ßü™∏ü´ôüê¨üßú‚Äç‚ôÄÔ∏è","0","0","0","https://x.com/redhorse44/status/1921527990279692600","1642331059634442241","redhorse44"
"1921201910511456582","Sat May 10 13:53:24 +0000 2025","21","Tangan tak lepas #ASIDE_DEBUTSHOWCASE #MaxNat https://t.co/aIGg4tBeiX","1921201910511456582","https://pbs.twimg.com/ext_tw_video_thumb/1921198334544683008/pu/img/0jIsUEdD5p9DbSVQ.jpg","","in","","0","0","7","https://x.com/MarkMaxBucin/status/1921201910511456582","1438817613434347522","MarkMaxBucin"
"1919965014250934409","Wed May 07 03:58:25 +0000 2025","47","kita ga mau pacaran aja kah? bucin!","1919965014250934409","","","in","Ganesha, Jatinangor, Cirebon","3","0","19","https://x.com/DraftAnakITB/status/1919965014250934409","1804409229442453505","DraftAnakITB"
"1920755480370024638","Fri May 09 08:19:27 +0000 2025","60","Tired Baobei #Dilireba #Dilraba #Ëø™‰∏ΩÁÉ≠Â∑¥ https://t.co/Ph8haM8sVW","1920755480370024638","https://pbs.twimg.com/media/Gqfk68cbcAE-rqa.jpg","","tl","","0","0","7","https://x.com/BucinYangDi1188/status/1920755480370024638","1448969372689526788","BucinYangDi1188"
"1920310957789618273","Thu May 08 02:53:04 +0000 2025","66","It's a pity we can't see this Chinese horror look of Baba for today's recording #JolinJing #BaiYu #LiuYuning #ZhangLinghe #ZhouKeyu #ShenYue #TheTruthS3 #TheTruth3 #ÂºÄÂßãÊé®ÁêÜÂêß3 #ÂºÄÂßãÊé®ÁêÜÂêß https://t.co/NujLnONQQY","1920310957789618273","https://pbs.twimg.com/media/GqZQlpCXYAAzWbn.jpg","","en","","1","0","19","https://x.com/BucinYangDi1188/status/1920310957789618273","1448969372689526788","BucinYangDi1188"
"1920030861577392533","Wed May 07 08:20:04 +0000 2025","22","KALIAN TAW GASIE kemarin dia jemput aku tapi aku ga dirumah HAHAHAHA. habis itu mampir ke mall buat beliin aku dior lucu bgt gasi? katanya besok kita tunangan stay tune ya warga! https://t.co/ZB2HVL3u2i","1920030861577392533","https://pbs.twimg.com/media/GqVR4nOaUAAUwr_.jpg","","in","bikini bottom ü´ßü™∏ü´ôüê¨üßú‚Äç‚ôÄÔ∏è","0","9","0","https://x.com/redhorse44/status/1920030861577392533","1642331059634442241","redhorse44"
"1921056659339706672","Sat May 10 04:16:13 +0000 2025","16","Q: Makanan khas jepang yang kalian rekomendasikan buat thai fans : (berfikir dengan keras) apa ya? ÂëÇ: (kegemesan) apa coba? : (masih mikir keras) apa ya? ÂëÇ: (makin kecintaan) //bucin level max https://t.co/lvfkQr00rJ","1921056659339706672","https://pbs.twimg.com/amplify_video_thumb/1921056553043718146/img/X5ipTKnkJUd16Xg4.jpg","","in","kinda ia","1","0","2","https://x.com/kinairin/status/1921056659339706672","1650861585601290241","kinairin"
"1919678916584972765","Tue May 06 09:01:34 +0000 2025","123","A part of ours. huru-hara si bucin omega Nk harem! https://t.co/qUzq5uLRTD","1919678916584972765","https://pbs.twimg.com/media/GqQRwtSbAAEgE_B.jpg","","in","heaven","3","1","21","https://x.com/serpih_debu/status/1919678916584972765","1610705961760718849","serpih_debu"
"1919950923821953402","Wed May 07 03:02:25 +0000 2025","3","kalo next tour indo diskip opsi gue cuman dua nonton di luar atau berhenti streaming pas masa promosi. sesekali kasih paham kalo mereka salah pilih lawan","1919950923821953402","","","in","SHE; HER; 2002","0","0","0","https://x.com/itsmeyeojaa/status/1919950923821953402","739679741548986368","itsmeyeojaa"
"1919327977185186057","Mon May 05 09:47:03 +0000 2025","35","bulol bulol bulol bulol bulol alias beneran bucin tolol anjir https://t.co/V2BL2b641d","1919327977185186057","https://pbs.twimg.com/ext_tw_video_thumb/1919238777559777280/pu/img/RyVDxn3r2LonSMh-.jpg","","tl","nattawin‚Äôs heart","0","0","4","https://x.com/divaonreds/status/1919327977185186057","1880834237114494976","divaonreds"
"1919375638382645547","Mon May 05 12:56:27 +0000 2025","213","terlalu bucin emyu https://t.co/csCZbZE6xd","1919375638382645547","https://pbs.twimg.com/media/GqL992KacAA3TML.jpg","","in","ü¶¢ü©∞ üß∏ü§éüçÇ","1","23","8","https://x.com/dezify/status/1919375638382645547","2758460697","dezify"
"1919588123052540265","Tue May 06 03:00:47 +0000 2025","83","Happy 12th anniversary to the excellent actress #Dilraba's debut. It has not been easy to come this far these years. I hope your future will be smoother and you will leave JX soon. The pomegranate flowers in XJ will improve throughout time and remain as free as the wind https://t.co/1InSGAwvu9","1919588123052540265","https://pbs.twimg.com/media/GqO_MQzbAAAmqNB.jpg","","en","","0","0","21","https://x.com/BucinYangDi1188/status/1919588123052540265","1448969372689526788","BucinYangDi1188"
"1921213841364447470","Sat May 10 14:40:48 +0000 2025","171","lf2 ga akan bisa ngalahin KEGACORAN LOVE FEST BANDUNG","1921213841364447470","","","in","bikini bottom ü´ßü™∏ü´ôüê¨üßú‚Äç‚ôÄÔ∏è","0","1","13","https://x.com/redhorse44/status/1921213841364447470","1642331059634442241","redhorse44"
"1920061009072673266","Wed May 07 10:19:52 +0000 2025","6","Makan dulu biar semangat bucin nya #BossNoeul #BoNoh #‡∏ä‡∏±‡∏¢‡∏ì‡∏• https://t.co/Am8AhSvEhB","1920061009072673266","https://pbs.twimg.com/media/GqVtTm1aQAAJRxo.jpg","","in","","0","6","1","https://x.com/yanalavender97/status/1920061009072673266","1588836485465530368","yanalavender97"
"1919762916800069833","Tue May 06 14:35:21 +0000 2025","510","jargon doank bucin ian #CARMEN #STELLA castella forever #Hearts2Hearts https://t.co/G9jfQttRHF","1919762916800069833","https://pbs.twimg.com/ext_tw_video_thumb/1919751548315566083/pu/img/Kpe71oU8lNQPOJyT.jpg","","ro","","2","1","37","https://x.com/kimlL46/status/1919762916800069833","712563864169091072","kimlL46"
"1919781638214713493","Tue May 06 15:49:45 +0000 2025","44","fiks duo bocah ini lagi bucin Mick: sayang Luke kata gue apaan banget lo bilang sayang sayang depan congor gue Mick! mana disini Luke senyum¬≤ fuck #LukeMick #lukeso_ #Lukepeemsan #mickmetas #BoysInLoveSeriesEP3 #BoysInLoveSeriesEP2 #BoysInLoveseriesep1 #BoysInLoveSeries https://t.co/zypeeFh8GY","1919781638214713493","https://pbs.twimg.com/ext_tw_video_thumb/1919781606187008004/pu/img/wefy-6UFm47QmMfv.jpg","","in","","0","0","8","https://x.com/cocotlatee/status/1919781638214713493","1902707822661644290","cocotlatee"
"1919575017106346441","Tue May 06 02:08:42 +0000 2025","20","bucin! WTS temen sender kristen batak cantik + pinter + ambis anak sbm bentar lagi lulus. Nyari yg sama sama batak + kristen juga buat gandengan wisuda. Klo berminat like menfess ini yepÔ∏è","1919575017106346441","","","in","Ganesha, Jatinangor, Cirebon","0","2","0","https://x.com/DraftAnakITB/status/1919575017106346441","1804409229442453505","DraftAnakITB"
"1921471752657379717","Sun May 11 07:45:39 +0000 2025","5","Main sosmed itu ada yg unt hiburan.Ttp patokannya ke iman.Kalo udah asyik main jari lupa iman.Yaudah prahara aja udah efeknya.Apalagi kalo udah urusan syahwat bucin asmara duit penipuan. Ngtreathnya diem2 ributnya dirame2in Itulah slh 1 alasan fiture DM cuma jika penting. Serem https://t.co/Wh2UrewhQO","1921471752657379717","https://pbs.twimg.com/ext_tw_video_thumb/1921471725293699072/pu/img/sD0Mz-4ZXNydvp73.jpg","","in","","0","0","0","https://x.com/FiinaDu/status/1921471752657379717","1391273164731125760","FiinaDu"
"1921522221538791726","Sun May 11 11:06:12 +0000 2025","4","gue tadi mikir oh yaudah hari ini tentram semua couple dapet asupan lf2 eh kok ada drama kek begini ","1921522221538791726","","","in","bikini bottom ü´ßü™∏ü´ôüê¨üßú‚Äç‚ôÄÔ∏è","0","0","0","https://x.com/redhorse44/status/1921522221538791726","1642331059634442241","redhorse44"
"1921422636950626413","Sun May 11 04:30:29 +0000 2025","3","GOOD AFTIEEE!!! Aku dan pacarku @dimensji couplean layout gemes banget WARGH apalagi pacarku dibikin jadi tobeli agenda layout bucin ini di sponsorin sama @vouzhiy makaci yaaa aku happi ueueue soalnya pas tu gak dapet war tapi kamu malah req dan beri aku. https://t.co/4pgthieIg3","1921422636950626413","https://pbs.twimg.com/media/GqpDsxcWIAA7x9j.jpg","","in","Kayla Cantika, 22.","2","2","2","https://x.com/thiscantika/status/1921422636950626413","3103241126","thiscantika"
"1921204042371330436","Sat May 10 14:01:52 +0000 2025","231","I M SUPER READY FOR THEIR BUCIN ERA #ResidentPlaybookEp9 #ResidentPlaybook https://t.co/eNK4SNiLiY","1921204042371330436","https://pbs.twimg.com/tweet_video_thumb/Gql54bjXsAAnrtE.jpg","","en","Jojeol‚Äôs side profile","0","0","32","https://x.com/chojeolate/status/1921204042371330436","1363583684","chojeolate"
"1920600324181496280","Thu May 08 22:02:54 +0000 2025","13","MorningÔ∏è https://t.co/ii3tmQH3ZA","1920600324181496280","https://pbs.twimg.com/amplify_video_thumb/1920465150462525440/img/iVUDrkvJGC9-xyce.jpg","","en","","0","0","4","https://x.com/nrwttitiii/status/1920600324181496280","1290688948059041793","nrwttitiii"
"1921129865706607097","Sat May 10 09:07:07 +0000 2025","7","ENGGA KOK MATTYYYYYYY GEMES BGT SI ORMIS SATU ENIH &gt;3 SIAPA MATTHEW AGZ EPS 159 #MatthewIsComingForYou #BewareOfOrmis https://t.co/8QNGWf9RC3","1921129865706607097","https://pbs.twimg.com/media/Gqk5bjQXcAEvgwL.jpg","","in","bikini bottom ü´ßü™∏ü´ôüê¨üßú‚Äç‚ôÄÔ∏è","1","4","0","https://x.com/redhorse44/status/1921129865706607097","1642331059634442241","redhorse44"
"1921225216593981924","Sat May 10 15:26:00 +0000 2025","6","Hi cowok baik di rp ini banyak yang bucin perhatian pengertian dan lainnya. Tapi sayang mereka bukan untuk aku. So sad ","1921225216593981924","","","in","contact: @selfolsupport","8","28","3","https://x.com/selfolssi/status/1921225216593981924","1317650104937967616","selfolssi"
"1921470435646145015","Sun May 11 07:40:25 +0000 2025","4"," mhsiswa tolong drop au mahae yang berawal dari perjodohan tapi ujungnya bucin to the max donggg","1921470435646145015","","","in","MKHC ‚Ä¢ üá®üá¶üá∞üá∑","0","2","0","https://x.com/mahaeunited/status/1921470435646145015","918126676944371718","mahaeunited"
"1919206616081023092","Mon May 05 01:44:49 +0000 2025","28","Berhasil menamatkan misi UI Open Days 2025! https://t.co/IPxHOxw1pN","1919206616081023092","https://pbs.twimg.com/media/GqJkPZ2bEAA9cUF.jpg","","in","Universitas Indonesia","0","1","0","https://x.com/bucin_ui/status/1919206616081023092","1177748206735638529","bucin_ui"
"1921059252233236996","Sat May 10 04:26:31 +0000 2025","243","Cara Tul buat Mew salting haha I'm having lovesick I'm chieftain's boyfriend For the cutie to eat first #mewtul https://t.co/IDVRjk6UZd","1921059252233236996","https://pbs.twimg.com/ext_tw_video_thumb/1921045388557000705/pu/img/1R-olnIME8FdEWme.jpg","","en","","0","0","25","https://x.com/wemewemewem/status/1921059252233236996","1354888741790208000","wemewemewem"
"1919225663313019040","Mon May 05 03:00:30 +0000 2025","60","Pay tribute to May Fourth with literary and artistic workers. Spread the positive energy of youth with #YangYang and #Dilraba #YangYangÊù®Ê¥ã #Êù®Ê¥ã #Dilireba #Ëø™‰∏ΩÁÉ≠Â∑¥ #YangDi https://t.co/TG0FxEoZNP","1919225663313019040","https://pbs.twimg.com/media/GqJ1kb0agAA0DYI.jpg","","en","","2","0","11","https://x.com/BucinYangDi1188/status/1919225663313019040","1448969372689526788","BucinYangDi1188"
"1921194633343713417","Sat May 10 13:24:29 +0000 2025","57","Milk wkwkkw yang sabar ya sebelahan sama pasangan bucin Kasihann #poohpavel https://t.co/c7xuHMceu4","1921194633343713417","https://pbs.twimg.com/ext_tw_video_thumb/1921134728217849856/pu/img/w-MuW5g4gmUYO8q_.jpg","","in","","1","0","15","https://x.com/pupukrittin/status/1921194633343713417","1198258761523060737","pupukrittin"
"1921212395529150838","Sat May 10 14:35:04 +0000 2025","11","funfact sidangnya tuh udh kmrn sore tp karena hujan jadi riweuh bgt. sampe ga sadar ada tulisan kyungsoo disini baru sadar tadi siang pas foto ulang. semua orang kayaknya tahu gue bucin kyungsoo https://t.co/nSmSNqVbiC","1921212395529150838","https://pbs.twimg.com/media/GqmEfB0WcAAc7C2.jpg","","in","","0","2","0","https://x.com/chocomints12/status/1921212395529150838","814125690031177729","chocomints12"
"1921211338728014074","Sat May 10 14:30:52 +0000 2025","119","Ada saat¬≤ tertentu level bucin meningkat ","1921211338728014074","","","in","dimana¬≤ hatiku senang üòÇü§£","0","7","0","https://x.com/bossnyaoggy/status/1921211338728014074","1354811256541069314","bossnyaoggy"
"1918996581690360083","Sun May 04 11:50:12 +0000 2025","1121","(titipan) ml! cw // bxg claude x fanny Ini 2 hero mengerikan krn sender bucin banget dan ship mereka tp malas sender sama sekali gabisa makenya Oh iya siapa tau ada yg ship mereka juga? Old art by sender https://t.co/pgnnMvuny9","1918996581690360083","https://pbs.twimg.com/media/GqGlOG4XMAApzp4.png","","in","Land of Dawn","48","105","127","https://x.com/mlbbfess/status/1918996581690360083","1477867346","mlbbfess"
"1918973060247666829","Sun May 04 10:16:45 +0000 2025","188","building businesses together Ô∏è building house and family #mewtul https://t.co/BzioPD3nI1","1918973060247666829","https://pbs.twimg.com/ext_tw_video_thumb/1918971407016574976/pu/img/TjlvFdVOLRl-yz2x.jpg","","en","","0","1","41","https://x.com/wemewemewem/status/1918973060247666829","1354888741790208000","wemewemewem"
